<?xml version="1.0" encoding="UTF-8"?>
<!DOCTYPE suite SYSTEM "https://testng.org/testng-1.0.dtd">
<suite name="Selenium Automation Test Suite" parallel="tests" thread-count="2">

    <!-- Suite level listeners -->
    <listeners>
        <!-- Add custom listeners here if needed -->
    </listeners>

    <!-- Test 1: Login Tests -->
    <test name="Login Tests" preserve-order="true">
        <classes>
            <class name="tests.LoginTest"/>
        </classes>
    </test>

    <!-- Test 2: End-to-End Tests -->
    <test name="End-to-End Tests" preserve-order="true">
        <classes>
            <class name="tests.SampleE2ETest"/>
        </classes>
    </test>

</suite>
